{"s": [{"g": true, "h": 1656, "k": "\u513f\u7ae5", "p": 72092, "r": 0, "u": "http://img1.imgtn.bdimg.com/it/u=1532485166,1276425395&fm=27&gp=0.jpg", "t": "\u513f\u7ae5", "w": 1200, "id": "baby"}, {"g": true, "h": 1368, "k": "\u9753\u5973", "p": 824258, "r": 0, "u": "http://img1.imgtn.bdimg.com/it/u=3612593727,709939358&fm=27&gp=0.jpg", "t": "\u9753\u5973", "w": 910, "id": "beauty"}, {"g": true, "h": 240, "k": "\u58c1\u7eb8", "p": 440520, "r": 0, "u": "http://p4.so.qhimgs1.com/t01d82de2a9063d1d74.jpg", "t": "\u58c1\u7eb8", "w": 360, "id": "bizhi"}, {"g": true, "h": 640, "k": "\u6c7d\u8f66", "p": 117594, "r": 0, "u": "http://img1.imgtn.bdimg.com/it/u=2927493953,2548963050&fm=27&gp=0.jpg", "t": "\u6c7d\u8f66", "w": 1024, "id": "car"}, {"g": true, "h": 1103, "k": "\u52a8\u6f2b", "p": 598389, "r": 0, "u": "http://img4.imgtn.bdimg.com/it/u=2049977846,2550891882&fm=27&gp=0.jpg", "t": "\u52a8\u6f2b", "w": 780, "id": "comic"}, {"g": true, "h": 853, "k": "\u7f8e\u98df", "p": 137790, "r": 0, "u": "http://img1.imgtn.bdimg.com/it/u=3631144518,2389993655&fm=200&gp=0.jpg", "t": "\u7f8e\u98df", "w": 1280, "id": "delicacy"}, {"g": true, "h": 5000, "k": "\u8bbe\u8ba1", "p": 205190, "r": 0, "u": "http://img0.imgtn.bdimg.com/it/u=918702321,1544154783&fm=27&gp=0.jpg", "t": "\u8bbe\u8ba1", "w": 5000, "id": "design"}, {"g": true, "h": 1538, "k": "\u65f6\u5c1a", "p": 72924, "r": 0, "u": "http://img5.imgtn.bdimg.com/it/u=852948881,462664356&fm=27&gp=0.jpg", "t": "\u65f6\u5c1a", "w": 1024, "id": "fashion"}, {"g": true, "h": 1047, "k": "\u82b1\u6d77", "p": 228524, "r": 0, "u": "http://img5.imgtn.bdimg.com/it/u=1401055942,844923259&fm=27&gp=0.jpg", "t": "\u82b1\u6d77", "w": 700, "id": "flowers"}, {"g": true, "h": 1800, "k": "\u5bb6\u5c45", "p": 65281, "r": 0, "u": "http://img1.imgtn.bdimg.com/it/u=2378119036,2645804581&fm=27&gp=0.jpg", "t": "\u5bb6\u5c45", "w": 2400, "id": "furniture"}, {"g": true, "h": 698, "k": "\u6e38\u620f", "p": 113758, "r": 0, "u": "http://img0.imgtn.bdimg.com/it/u=1628493861,439199691&fm=27&gp=0.jpg", "t": "\u6e38\u620f", "w": 605, "id": "game"}, {"g": true, "h": 220, "k": "\u52a8\u6001", "p": 296034, "r": 0, "u": "http://img2.imgtn.bdimg.com/it/u=3680539517,1733791633&fm=27&gp=0.jpg", "t": "\u52a8\u6001", "w": 293, "id": "gif"}, {"g": true, "h": 638, "k": "\u661f\u5ea7", "p": 256033, "r": 0, "u": "http://img1.imgtn.bdimg.com/it/u=3046508076,3377543495&fm=27&gp=0.jpg", "t": "\u661f\u5ea7", "w": 1024, "id": "horoscopes"}, {"g": true, "h": 300, "k": "\u641e\u7b11", "p": 109554, "r": 0, "u": "http://img4.imgtn.bdimg.com/it/u=3689581647,1104860825&fm=200&gp=0.jpg", "t": "\u641e\u7b11", "w": 300, "id": "humor"}, {"g": true, "h": 808, "k": "\u56fd\u5185", "p": 141086, "r": 0, "u": "http://img2.imgtn.bdimg.com/it/u=3474263794,2147489036&fm=200&gp=0.jpg", "t": "\u56fd\u5185", "w": 1200, "id": "mainland"}, {"g": true, "h": 440, "k": "\u578b\u7537", "p": 139609, "r": 0, "u": "http://img5.imgtn.bdimg.com/it/u=2216954293,3770870450&fm=27&gp=0.jpg", "t": "\u578b\u7537", "w": 320, "id": "man"}, {"g": true, "h": 240, "k": "\u5a5a\u5ac1", "p": 154924, "r": 0, "u": "http://p5.so.qhimgs1.com/t014e063c9bbd64d26b.jpg", "t": "\u5a5a\u5ac1", "w": 240, "id": "marriage"}, {"g": true, "h": 650, "k": "\u5fc3\u60c5", "p": 552688, "r": 0, "u": "http://img3.imgtn.bdimg.com/it/u=2334268509,2028162184&fm=26&gp=0.jpg", "t": "\u5fc3\u60c5", "w": 650, "id": "mood"}, {"g": true, "h": 800, "k": "\u6d77\u5916", "p": 113356, "r": 0, "u": "http://img1.imgtn.bdimg.com/it/u=725357957,1511105252&fm=200&gp=0.jpg", "t": "\u6d77\u5916", "w": 1200, "id": "overseas"}, {"g": true, "h": 900, "k": "\u5ba0\u7269", "p": 201482, "r": 0, "u": "http://img5.imgtn.bdimg.com/it/u=675672791,4043367952&fm=27&gp=0.jpg", "t": "\u5ba0\u7269", "w": 1440, "id": "pet"}, {"g": true, "h": 430, "k": "\u65c5\u6e38", "p": 65405, "r": 0, "u": "http://img5.imgtn.bdimg.com/it/u=1256286887,2114326062&fm=27&gp=0.jpg", "t": "\u65c5\u6e38", "w": 1024, "id": "tourism"}, {"g": true, "h": 680, "k": "\u519b\u4e8b", "p": 89323, "r": 0, "u": "http://img5.imgtn.bdimg.com/it/u=228083193,2338704050&fm=27&gp=0.jpg", "t": "\u519b\u4e8b", "w": 1024, "id": "weapon"}, {"g": true, "h": 97, "k": "\u8868\u60c5", "p": 208863, "r": 0, "u": "http://img1.imgtn.bdimg.com/it/u=2877785935,2702316034&fm=26&gp=0.jpg", "t": "\u8868\u60c5", "w": 234, "id": "weixinbiaoqing"}, {"g": true, "h": 582, "k": "\u4e16\u754c", "p": 148385, "r": 0, "u": "http://img2.imgtn.bdimg.com/it/u=2964180727,1779420233&fm=27&gp=0.jpg", "t": "\u4e16\u754c", "w": 1024, "id": "world"}], "id": ""}