{"section": {"search-month": {"first_show_pics": [{"url": "http://img5.imgtn.bdimg.com/it/u=3971829749,2684846536&fm=27&gp=0.jpg", "width": 450, "height": 255}, {"url": "http://img5.imgtn.bdimg.com/it/u=2404516455,2071797078&fm=27&gp=0.jpg", "width": 717, "height": 966}, {"url": "http://img5.imgtn.bdimg.com/it/u=2752955280,2172205941&fm=27&gp=0.jpg", "width": 640, "height": 460}, {"url": "http://p0.so.qhimgs1.com/t0169df4ab074e65dfc.jpg", "width": 150, "height": 240}]}, "favorite-month": {"first_show_pics": [{"url": "http://p1.so.qhimgs1.com/t014eca75cf3ea3e0d1.jpg", "width": 173, "height": 240}, {"url": "http://img0.imgtn.bdimg.com/it/u=187663321,3515261135&fm=27&gp=0.jpg", "width": 700, "height": 1091}, {"url": "http://img5.imgtn.bdimg.com/it/u=3077711168,3905204245&fm=26&gp=0.jpg", "width": 700, "height": 979}, {"url": "http://img0.imgtn.bdimg.com/it/u=2512966127,3544123607&fm=11&gp=0.jpg", "width": 350, "height": 525}]}, "share-month": {"first_show_pics": [{"url": "http://img5.imgtn.bdimg.com/it/u=2745967309,580989592&fm=27&gp=0.jpg", "width": 525, "height": 735}, {"url": "http://img5.imgtn.bdimg.com/it/u=1106598330,2280063761&fm=27&gp=0.jpg", "width": 500, "height": 750}, {"url": "http://p2.so.qhmsg.com/t01513944ed32aac697.jpg", "width": 160, "height": 240}, {"url": "http://img2.imgtn.bdimg.com/it/u=3956377723,201884029&fm=27&gp=0.jpg", "width": 480, "height": 800}]}, "favorite-day": {"first_show_pics": [{"url": "http://img1.imgtn.bdimg.com/it/u=1692844582,389101617&fm=27&gp=0.jpg", "width": 720, "height": 647}, {"url": "http://p3.so.qhmsg.com/t01df311a98cca21048.jpg", "width": 172, "height": 240}, {"url": "http://img1.imgtn.bdimg.com/it/u=1584985905,862904950&fm=27&gp=0.jpg", "width": 400, "height": 400}, {"url": "http://p0.so.qhmsg.com/t01c577e75d8d9e65af.jpg", "width": 240, "height": 240}]}, "search-week": {"first_show_pics": [{"url": "http://img5.imgtn.bdimg.com/it/u=3593243780,1907414755&fm=27&gp=0.jpg", "width": 900, "height": 1048}, {"url": "http://img1.imgtn.bdimg.com/it/u=4125542258,1767646665&fm=27&gp=0.jpg", "width": 440, "height": 781}, {"url": "http://img1.imgtn.bdimg.com/it/u=1523199645,576818944&fm=11&gp=0.jpg", "width": 700, "height": 1183}, {"url": "http://img1.imgtn.bdimg.com/it/u=224746760,1740728243&fm=27&gp=0.jpg", "width": 1024, "height": 768}]}, "search-day": {"first_show_pics": [{"url": "http://img3.imgtn.bdimg.com/it/u=980381596,360355685&fm=11&gp=0.jpg", "width": 490, "height": 490}, {"url": "http://img4.imgtn.bdimg.com/it/u=2043419276,3158113992&fm=27&gp=0.jpg", "width": 655, "height": 768}, {"url": "http://img5.imgtn.bdimg.com/it/u=1187043315,3196242348&fm=27&gp=0.jpg", "width": 700, "height": 525}, {"url": "http://img4.imgtn.bdimg.com/it/u=3258592030,2257468582&fm=27&gp=0.jpg", "width": 548, "height": 600}]}, "favorite-week": {"first_show_pics": [{"url": "http://img0.imgtn.bdimg.com/it/u=206958914,2578451026&fm=27&gp=0.jpg", "width": 400, "height": 400}, {"url": "http://img1.imgtn.bdimg.com/it/u=1708505916,1851675313&fm=27&gp=0.jpg", "width": 1200, "height": 1981}, {"url": "http://img5.imgtn.bdimg.com/it/u=2456729008,941614003&fm=11&gp=0.jpg", "width": 480, "height": 480}, {"url": "http://img1.imgtn.bdimg.com/it/u=4135230815,1523900442&fm=26&gp=0.jpg", "width": 1200, "height": 1600}]}, "catego-month": {"first_show_pics": [{"url": "http://img3.imgtn.bdimg.com/it/u=2945220115,456921596&fm=26&gp=0.jpg", "width": 650, "height": 866}, {"url": "http://p0.so.qhmsg.com/t016690bf222140b155.jpg", "width": 320, "height": 240}, {"url": "http://img0.imgtn.bdimg.com/it/u=421536005,2596969777&fm=26&gp=0.jpg", "width": 207, "height": 300}, {"url": "http://img0.imgtn.bdimg.com/it/u=2563392476,2654349278&fm=200&gp=0.jpg", "width": 1024, "height": 683}]}, "wall-month": {"first_show_pics": [{"url": "http://p0.so.qhimgs1.com/t019e31e2a9aac47d90.jpg", "width": 193, "height": 240}, {"url": "http://p2.so.qhimgs1.com/t0166247fee20b02c4e.jpg", "width": 160, "height": 240}, {"url": "http://img2.imgtn.bdimg.com/it/u=3177102159,2365998327&fm=27&gp=0.jpg", "width": 700, "height": 322}, {"url": "http://img5.imgtn.bdimg.com/it/u=2901666197,2070122350&fm=28&gp=0.jpg", "width": 500, "height": 750}]}}}