{"ctime":"1448877348","title":"敬请期待：12月1日中国彩票大事件即将发生！","content":"\n        <div class=\"c_mainTxt\">&#x3000;&#x3000;2015&#x5E74;12&#x6708;1&#x65E5;&#xFF0C;&#x4E2D;&#x56FD;&#x5F69;&#x7968;&#x5927;&#x4E8B;&#x4EF6;&#x5373;&#x5C06;&#x53D1;&#x751F;&#xFF01;</div>\n<div class=\"c_mainTxt\">&#x3000;&#x3000;&#x5F69;&#x7968;&#x65B0;&#x89C6;&#x754C;&#xFF0C;&#x4ECE;&#x6B64;&#x4E0D;&#x540C;&#xFF01;</div>\n<!--<weibo>{\"id\":\"D6d5TdzJQ\",\"content\":\"12\\u67081\\u65e5\\uff0c\\u4e2d\\u56fd\\u5f69\\u7968\\u5927\\u4e8b\\u4ef6\\uff0c\\u5373\\u5c06\\u53d1\\u751f\\uff01\",\"comments_count\":258,\"reposts_count\":176,\"user\":{\"id\":1044256885,\"name\":\"\\u65b0\\u6d6a\\u5f69\\u7968\",\"icon\":\"<img src=\\\"http:\\/\\/u1.sinaimg.cn\\/upload\\/2011\\/07\\/28\\/5337.gif\\\" alt=\\\"\\u8ba4\\u8bc1\\u7528\\u6237\\\"\\/>\",\"verified\":true,\"verified_type\":7}}</weibo>-->      "}